<?xml version="1.0" encoding="UTF-8"?>
<project name="module_bcom" default="compile.module.bcom">
  <dirname property="module.bcom.basedir" file="${ant.file.module_bcom}"/>
  
  <property name="module.jdk.home.bcom" value="${project.jdk.home}"/>
  <property name="module.jdk.bin.bcom" value="${project.jdk.bin}"/>
  <property name="module.jdk.classpath.bcom" value="${project.jdk.classpath}"/>
  
  <property name="compiler.args.bcom" value="-encoding UTF-8 -source 8 -target 8 ${compiler.args}"/>
  
  <property name="bcom.output.dir" value="${module.bcom.basedir}/out/production/Bcom"/>
  <property name="bcom.testoutput.dir" value="${module.bcom.basedir}/out/test/Bcom"/>
  
  <path id="bcom.module.bootclasspath">
    <!-- Paths to be included in compilation bootclasspath -->
  </path>
  
  <path id="bcom.module.production.classpath">
    <path refid="${module.jdk.classpath.bcom}"/>
    <path refid="library.kotlinjavaruntime.classpath"/>
  </path>
  
  <path id="bcom.runtime.production.module.classpath">
    <pathelement location="${bcom.output.dir}"/>
    <path refid="library.kotlinjavaruntime.classpath"/>
  </path>
  
  <path id="bcom.module.classpath">
    <path refid="${module.jdk.classpath.bcom}"/>
    <pathelement location="${bcom.output.dir}"/>
    <path refid="library.kotlinjavaruntime.classpath"/>
  </path>
  
  <path id="bcom.runtime.module.classpath">
    <pathelement location="${bcom.testoutput.dir}"/>
    <pathelement location="${bcom.output.dir}"/>
    <path refid="library.kotlinjavaruntime.classpath"/>
  </path>
  
  
  <patternset id="excluded.from.module.bcom">
    <patternset refid="ignored.files"/>
  </patternset>
  
  <patternset id="excluded.from.compilation.bcom">
    <patternset refid="excluded.from.module.bcom"/>
  </patternset>
  
  <path id="bcom.module.sourcepath">
    <dirset dir="${module.bcom.basedir}">
      <include name="src"/>
    </dirset>
  </path>
  
  
  <target name="compile.module.bcom" depends="compile.module.bcom.production,compile.module.bcom.tests" description="Compile module Bcom"/>
  
  <target name="compile.module.bcom.production" depends="register.custom.compilers" description="Compile module Bcom; production classes">
    <mkdir dir="${bcom.output.dir}"/>
    <javac2 destdir="${bcom.output.dir}" debug="${compiler.debug}" nowarn="${compiler.generate.no.warnings}" memorymaximumsize="${compiler.max.memory}" fork="true" executable="${module.jdk.bin.bcom}/javac">
      <compilerarg line="${compiler.args.bcom}"/>
      <bootclasspath refid="bcom.module.bootclasspath"/>
      <classpath refid="bcom.module.production.classpath"/>
      <src refid="bcom.module.sourcepath"/>
      <patternset refid="excluded.from.compilation.bcom"/>
    </javac2>
    
    <copy todir="${bcom.output.dir}">
      <fileset dir="${module.bcom.basedir}/src">
        <patternset refid="compiler.resources"/>
        <type type="file"/>
      </fileset>
    </copy>
  </target>
  
  <target name="compile.module.bcom.tests" depends="register.custom.compilers,compile.module.bcom.production" description="compile module Bcom; test classes" unless="skip.tests"/>
  
  <target name="clean.module.bcom" description="cleanup module">
    <delete dir="${bcom.output.dir}"/>
    <delete dir="${bcom.testoutput.dir}"/>
  </target>
</project>